Grupa;Karta;SKU;Nazwa;Adres źródła opisu;Zdjęcie;Data opisu;Co jest nie tak
1. Cudza strona — do ponowienia;11055;CCLIP25;Akcesoria Krata GRP - Uchwyt typu C - 25mm;https://www.coba.com/pl/produkt/bubblemat;https://www.coba.com/pl/wp-content/uploads/sites/6/2020/02/af-bubblemat-workplace-matting-black-1.jpg;2026-09-13;opis i zdjęcie ze strony maty Bubblemat
1. Cudza strona — do ponowienia;11061;LCLIP-38;Akcesoria Krata GRP - Uchwyt typu L - 38mm;https://www.coba.com/pl/produkt/cobagrip-grating;https://www.coba.com/pl/wp-content/uploads/sites/6/2024/09/Gray.jpg;2026-09-13;strona samej kraty COBAGRiP, nie uchwytu typu L
1. Cudza strona — do ponowienia;11062;LCLIP-50;Akcesoria Krata GRP - Uchwyt typu L - 50mm;https://www.coba.com/pl/produkt/cobagrip-grating;https://www.coba.com/pl/wp-content/uploads/sites/6/2024/09/Gray.jpg;2026-09-13;strona samej kraty COBAGRiP, nie uchwytu typu L
1. Cudza strona — do ponowienia;10521;SD0107-6;Deckplate Czarny/Żółte krawędzie 0.6m x 18.3m (15mm);https://www.coba.com/pl/produkt/solid-fatigue-step-2;https://www.coba.com/pl/wp-content/uploads/sites/6/2022/10/Solid-Fatigue-Step-Leisure_07.jpg;2026-09-13;strona maty Solid Fatigue-Step zamiast Deckplate
1. Cudza strona — do ponowienia;10522;SD0107-4;Deckplate Czarny/Żółte krawędzie 0.9m x 6m (15mm);https://www.coba.com/pl/produkt/solid-fatigue-step-2;https://www.coba.com/pl/wp-content/uploads/sites/6/2022/10/Solid-Fatigue-Step-Leisure_07.jpg;2026-09-13;strona maty Solid Fatigue-Step zamiast Deckplate
1. Cudza strona — do ponowienia;10523;SD0107-7;Deckplate Czarny/Żółte krawędzie 0.9m x 18.3m (15mm);https://www.coba.com/pl/produkt/solid-fatigue-step;https://www.coba.com/pl/wp-content/uploads/sites/6/2022/10/af-solid-fatigue-step-workplace-matting-1.jpg;2026-09-13;strona maty Solid Fatigue-Step zamiast Deckplate
1. Cudza strona — do ponowienia;10582;SS010002M;Krawędź/narożnik 'męski' Czarny 85mm x 1m;https://www.coba.com/pl/produkt/solid-fatigue-step;https://www.coba.com/pl/wp-content/uploads/sites/6/2022/10/af-solid-fatigue-step-workplace-matting-1.jpg;2026-09-27;strona maty Solid Fatigue-Step zamiast krawędzi
1. Cudza strona — do ponowienia;10583;SS010002F;Krawędź/narożnik 'żeński' Czarny 85mm x 1m;https://www.coba.com/pl/produkt/superdry-contract-edge;https://www.coba.com/pl/wp-content/uploads/sites/6/2026/04/Superdry-Contract-Edges_Black.png;2026-09-27;krawędź Superdry Contract (inna linia)
1. Cudza strona — do ponowienia;10585;SS070002FN;Krawędź/narożnik 'żeński' Żółty (100% Nitryl) 85mm x 1m;https://www.coba.com/pl/produkt/fatigue-step-krawedz-b1;https://www.coba.com/pl/wp-content/uploads/sites/6/2023/04/SS070002B1M_FatStepEdgeB1_Yel_Male-scaled.jpg;2026-09-13;krawędź Fatigue-Step B1 (inny wariant) zamiast nitrylowej
1. Cudza strona — do ponowienia;10586;SS070002B1M;Krawędź/narożnik 'męski' Żółty (100% Nitryl) 75mm x 1m;https://www.coba.com/pl/produkt/fatigue-lock-edges;https://www.coba.com/pl/wp-content/uploads/sites/6/2024/12/Fatigue-Lock-Edges-Yellow.jpg;2026-09-13;krawędzie Fatigue-Lock (inna linia)
1. Cudza strona — do ponowienia;10587;SS070002B1F;Krawędź/narożnik 'żeński' Żółty (100% Nitryl) 75mm x 1m;https://www.coba.com/pl/produkt/fatigue-step-krawedz-nitrylowa;https://www.coba.com/pl/wp-content/uploads/sites/6/2023/04/SS070002B1M_FatStepEdgeB1_Yel_Male-scaled.jpg;2026-09-13;krawędź nitrylowa (inny wariant) zamiast B1
1. Cudza strona — do ponowienia;11128;SC060001C;Precision Nib Szary 2m x mb / krawędź dodatkowo płatna P249-C63-C09;https://www.coba.com/product/needlepunch-edge;https://www.coba.com/wp-content/uploads/2025/05/Needlepuch-Edge-Grey-Corner-P249-scaled.jpg;2026-09-27;strona krawędzi Needlepunch zamiast Precision Nib
1. Cudza strona — do ponowienia;11174;TR0100;Toughrib Antracyt 0.8m x 1.2m;https://sklep.greenservice.pl/pl/wycieraczki-i-maty-wejsciowe/3232-mata-wejsciowa-coba-enviro-plush.html;https://sklep.greenservice.pl/17164-large_default/mata-wejsciowa-coba-enviro-plush.jpg;2026-09-13;opis maty Enviro-Plush (sklep greenservice) zamiast Toughrib
1. Cudza strona — do ponowienia;10662;CS0106-5;COBAmat Standard 2222 Czarny 0.6m x 5m (12mm);https://www.coba.com/pl/produkt/gumowa-mata-stolowa-esd;https://www.coba.com/pl/wp-content/uploads/sites/6/2022/10/af-esd-rubber-bench-esd-mats-and-equipment-1.jpg;2026-09-13;strona gumowej maty stołowej ESD zamiast COBAmat Standard 2222
1. Cudza strona — do ponowienia;11246;RM0100-12;Ringmat Octomat Czarny 0.4m x 0.6m (17mm);https://www.coba.com/datasheets-download;https://www.coba.com/wp-content/uploads/2024/12/Fatigue-Lock-Edges-Yellow.jpg;2026-09-13;strona pobierania kart katalogowych, zdjęcie krawędzi Fatigue-Lock
1. Cudza strona — do ponowienia;11263;WC0000-4;First-Step;https://www.coba.com/za/pc/mats-for-catering;https://www.coba.com/za/wp-content/uploads/sites/13/2019/09/wi-mk3-1-1.jpg;2026-09-13;strona kategorii „maty dla gastronomii”, nie karta wyrobu
1. Cudza strona — do ponowienia;11265;WC0200-4;First-Step;https://www.coba.com/;https://www.coba.com/wp-content/uploads/2015/07/coba-europe-orthomat-dot.jpg;2026-09-13;strona główna coba.com, zdjęcie Orthomat Dot
1. Cudza strona — do ponowienia;10800;HR0200;HR Matting Niebieski 0.6m x 10m (2.4mm);https://narzedziowy24.eu/Mata-DeckStep-Matting-Niebieski-0-6m-x-mb-DS020610C-COBA-p261497;https://narzedziowy24.eu/images/Narzedziowy24/68000-69000/Mata-DeckStep-Matting-Niebieski-0-6m-mb-DS020610C-COBA_%5B68876%5D_568.jpg;2026-09-13;opis i zdjęcie maty DeckStep (sklep) zamiast HR Matting
1. Cudza strona — do ponowienia;10802;HR020003;HR Matting Niebieski 1.2m x 10m (2.4mm);https://wz-narzedzia.pl/esd-elektroizolacyjne/sort:producer/direction:asc;;2026-09-13;źródłem jest lista produktów sklepu (sortowanie), nie karta
1. Cudza strona — do ponowienia;11215;WH0100;Superdry Czarny 1.15m x 1.75m;https://www.ceneo.pl/Praktyczne_dodatki_do_domu/p:Coba/Kolor:Czarne.htm?srsltid=AfmBOoq3AIlRWbgmjXcN2248IvyET07Jx0LCQ_ywp8zhNpuO9mwPdd66;https://image.ceneostatic.pl/data/products/92447961/f-coba-mata-rekreacyjna-ringmat-plaster-miodu-czarny-0-8m-x-1-2m.jpg;2026-09-13;lista Ceneo, zdjęcie maty Ringmat zamiast Superdry
1. Cudza strona — do ponowienia;11083;CGC000-5;COBAguard Ochrona dywanów 0.6m x 100m;https://www.voelkner.de/products/956960/COBA-Europe-CGC00005-CGC00005-Coba-Guard-Carpet-Protector-100m-x-0.6m-x-0.09mm.html;https://www.voelkner.de/themes/voelkner/images/16b349edec1516cfaadf3097b36fe52e/bitmap/newsletter/loyalty_footer_promotion.webp;2026-09-13;zdjęcie to baner sklepu voelkner.de
1. Cudza strona — do ponowienia;11105;PR010101;Premier Rib Otwarta Czarny - 29cm x 44cm;https://www.coba.com/case-studies/premier-track-entrance-tiles-toy-store;https://www.coba.com/wp-content/uploads/2016/06/Shopping_Centre_Premier_Grip_Tiles.jpg;2026-09-27;artykuł o Premier Track (case study) zamiast karty Premier Rib
1. Cudza strona — do ponowienia;11208;LG000001;Logomat 0.85m x 1.5m;https://www.coba.com/case-studies/coba-kicks-off-new-logomat-precision-launch-with-harborough-town-fc-sponsorship;https://www.coba.com/wp-content/uploads/2023/03/harborough-town-rangers.png;2026-09-13;artykuł o sponsoringu klubu zamiast karty Logomat
2. Zdjęcie w innym kolorze;10396;AF060001;Orthomat Standard Szary 0.6m x 0.9m (9.5mm);https://www.coba.com/product/orthomat-standard;https://www.coba.com/wp-content/uploads/2020/02/af-orthomat-standard-workplace-matting-black-1.jpg;2026-09-13;zdjęcie rodziny w kolorze: black
2. Zdjęcie w innym kolorze;10397;AF060002;Orthomat Standard Szary 0.9m x 1.5m (9.5mm);https://www.coba.com/product/orthomat-standard;https://www.coba.com/wp-content/uploads/2020/02/af-orthomat-standard-workplace-matting-black-1.jpg;2026-09-13;zdjęcie rodziny w kolorze: black
2. Zdjęcie w innym kolorze;10398;AF060003C;Orthomat Standard Szary 0.9m x mb. (9.5mm);https://www.coba.com/product/orthomat-standard;https://www.coba.com/wp-content/uploads/2020/02/af-orthomat-standard-workplace-matting-black-1.jpg;2026-09-13;zdjęcie rodziny w kolorze: black
2. Zdjęcie w innym kolorze;10399;AF060003;Orthomat Standard Szary 0.9m x 18.3m (9.5mm);https://www.coba.com/pl/produkt/orthomat;https://www.coba.com/pl/wp-content/uploads/sites/6/2020/02/af-orthomat-standard-workplace-matting-black-1.jpg;2026-09-13;zdjęcie rodziny w kolorze: black
2. Zdjęcie w innym kolorze;10737;CDN010001;COBAdot Nitryl Czarny 1.2m x 10m (3mm);https://www.coba.com/pl/produkt/cobadot-nitryl;https://www.coba.com/pl/wp-content/uploads/sites/6/2025/01/CDS0_COBAdot-Grey_corner-scaled.jpeg;2026-09-13;zdjęcie rodziny w kolorze: grey
2. Zdjęcie w innym kolorze;10738;CDN010001C;COBAdot Nitryl Czarny 1.2m x mb. (3mm);https://www.coba.com/pl/produkt/cobadot-nitryl;https://www.coba.com/pl/wp-content/uploads/sites/6/2025/01/CDS0_COBAdot-Grey_corner-scaled.jpeg;2026-09-13;zdjęcie rodziny w kolorze: grey
2. Zdjęcie w innym kolorze;10740;CDN010002C;COBAdot Nitryl Czarny 1.2m x mb. (4.5mm);https://www.coba.com/pl/produkt/cobadot-nitryl;https://www.coba.com/pl/wp-content/uploads/sites/6/2025/01/CDS0_COBAdot-Grey_corner-scaled.jpeg;2026-09-13;zdjęcie rodziny w kolorze: grey
2. Zdjęcie w innym kolorze;10754;SN060007C;Senso Runner Szary 1m x mb. (3mm) - maks. 10m;https://www.coba.com/pl/produkt/senso-runner;https://www.coba.com/pl/wp-content/uploads/sites/6/2024/01/SN010007_Senso-Runner_Black_Corner_1-m-x-10-m-1-scaled.jpg;2026-09-27;zdjęcie rodziny w kolorze: black
2. Zdjęcie w innym kolorze;10755;SN060009C;Senso Runner Szary 1.2m x mb. (3mm) - maks. 10m;https://www.coba.com/product/senso-runner;https://www.coba.com/wp-content/uploads/2024/01/SN010007_Senso-Runner_Black_Corner_1-m-x-10-m-scaled.jpg;2026-09-13;zdjęcie rodziny w kolorze: black
2. Zdjęcie w innym kolorze;10978;GRP060003L;COBAGRIP Light Szary 0.8m x 1.2m (3mm);https://www.coba.com/za/product/cobagrip-light-coba-africa-workplace-matting;https://www.coba.com/za/wp-content/uploads/sites/13/2019/09/GRP0_COBAGRiP-Sheet-Black_Corner_thumb-e1731505909884.jpg;2026-09-13;zdjęcie rodziny w kolorze: black
2. Zdjęcie w innym kolorze;10979;GRP060002L;COBAGRiP Light Szary 1.2m x 1.2m (3mm);https://www.coba.com/za/product/cobagrip-light-coba-africa-workplace-matting;https://www.coba.com/za/wp-content/uploads/sites/13/2019/09/GRP0_COBAGRiP-Sheet-Black_Corner_thumb-e1731505909884.jpg;2026-09-13;zdjęcie rodziny w kolorze: black
2. Zdjęcie w innym kolorze;11027;GRP040001G;COBAGRIP Krata GRP Zielony 2000mm x 1000mm x 25mm;https://www.coba.com/de/produkt/cobagrip-grating;https://www.coba.com/de/wp-content/uploads/sites/5/2024/10/Gray.jpg;2026-09-13;zdjęcie rodziny w kolorze: grey
2. Zdjęcie w innym kolorze;11028;GRP040002G;COBAGRiP Krata GRP Zielony 3000mm x 1000mm x 25mm;https://www.coba.com/pl/produkt/cobagrip-grating;https://www.coba.com/pl/wp-content/uploads/sites/6/2024/09/Gray.jpg;2026-09-13;zdjęcie rodziny w kolorze: grey
2. Zdjęcie w innym kolorze;11033;GRP070001G;COBAGRIP Krata GRP Żółty 2000mm x 1000mm x 25mm;https://www.coba.com/product/cobagrip-grating;https://www.coba.com/wp-content/uploads/2024/09/Gray.jpg;2026-09-13;zdjęcie rodziny w kolorze: grey
2. Zdjęcie w innym kolorze;11034;GRP070002G;COBAGRiP Krata GRP Żółty 3000mm x 1000mm x 25mm;https://www.coba.com/product/cobagrip-grating;https://www.coba.com/wp-content/uploads/2024/09/Gray.jpg;2026-09-13;zdjęcie rodziny w kolorze: grey
2. Zdjęcie w innym kolorze;11035;GRP070003G;COBAGRiP Krata GRP Żółty 3660mm x 1220mm x 25mm;https://www.coba.com/pl/produkt/cobagrip-grating;https://www.coba.com/pl/wp-content/uploads/sites/6/2024/09/Gray.jpg;2026-09-27;zdjęcie rodziny w kolorze: grey
2. Zdjęcie w innym kolorze;11036;GRP040004G;COBAGRIP Krata GRP Zielony 2000mm x 1000mm x 38mm;https://www.coba.com/product/cobagrip-grating;https://www.coba.com/wp-content/uploads/2024/09/Gray.jpg;2026-09-13;zdjęcie rodziny w kolorze: grey
2. Zdjęcie w innym kolorze;11037;GRP040005G;COBAGRiP Krata GRP Zielony 3000mm x 1000mm x 38mm;https://www.coba.com/product/cobagrip-grating;https://www.coba.com/wp-content/uploads/2024/09/Gray.jpg;2026-09-13;zdjęcie rodziny w kolorze: grey
2. Zdjęcie w innym kolorze;11038;GRP040006G;COBAGRiP Krata GRP Zielony 3660mm x 1220mm x 38mm;https://www.coba.com/product/cobagrip-grating;https://www.coba.com/wp-content/uploads/2024/09/Gray.jpg;2026-09-13;zdjęcie rodziny w kolorze: grey
2. Zdjęcie w innym kolorze;11042;GRP070004G;COBAGRIP Krata GRP Żółty 2000mm x 1000mm x 38mm;https://www.coba.com/product/cobagrip-grating;https://www.coba.com/wp-content/uploads/2024/09/Gray.jpg;2026-09-13;zdjęcie rodziny w kolorze: grey
2. Zdjęcie w innym kolorze;11043;GRP070005G;COBAGRiP Krata GRP Żółty 3000mm x 1000mm x 38mm;https://www.coba.com/pl/produkt/cobagrip-grating;https://www.coba.com/pl/wp-content/uploads/sites/6/2024/09/Gray.jpg;2026-09-13;zdjęcie rodziny w kolorze: grey
2. Zdjęcie w innym kolorze;11044;GRP070006G;COBAGRiP Krata GRP Żółty 3660mm x 1220mm x 38mm;https://www.coba.com/pl/produkt/cobagrip-grating;https://www.coba.com/pl/wp-content/uploads/sites/6/2024/09/Gray.jpg;2026-09-13;zdjęcie rodziny w kolorze: grey
2. Zdjęcie w innym kolorze;11045;GRP040007G;COBAGRIP Krata GRP Zielony 2000mm x 1000mm x 50mm;https://www.coba.com/product/cobagrip-grating;https://www.coba.com/wp-content/uploads/2024/09/Gray.jpg;2026-09-13;zdjęcie rodziny w kolorze: grey
2. Zdjęcie w innym kolorze;11046;GRP040008G;COBAGRiP Krata GRP Zielony 3000mm x 1000mm x 50mm;https://www.coba.com/product/cobagrip-grating;https://www.coba.com/wp-content/uploads/2024/09/Gray.jpg;2026-09-13;zdjęcie rodziny w kolorze: grey
2. Zdjęcie w innym kolorze;11047;GRP040009G;COBAGRiP Krata GRP Zielony 3660mm x 1220mm x 50mm;https://www.coba.com/pl/produkt/cobagrip-grating;https://www.coba.com/pl/wp-content/uploads/sites/6/2024/09/Gray.jpg;2026-09-13;zdjęcie rodziny w kolorze: grey
2. Zdjęcie w innym kolorze;11051;GRP070007G;COBAGRIP Krata GRP Żółty 2000mm x 1000mm x 50mm;https://www.coba.com/pl/produkt/cobagrip-grating;https://www.coba.com/pl/wp-content/uploads/sites/6/2024/09/Gray.jpg;2026-09-13;zdjęcie rodziny w kolorze: grey
2. Zdjęcie w innym kolorze;11052;GRP070008G;COBAGRiP Krata GRP Żółty 3000mm x 1000mm x 50mm;https://www.coba.com/pl/produkt/cobagrip-grating;https://www.coba.com/pl/wp-content/uploads/sites/6/2024/09/Gray.jpg;2026-09-13;zdjęcie rodziny w kolorze: grey
2. Zdjęcie w innym kolorze;11053;GRP070009G;COBAGRiP Krata GRP Żółty 3660mm x 1220mm x 50mm;https://www.coba.com/pl/produkt/cobagrip-grating;https://www.coba.com/pl/wp-content/uploads/sites/6/2024/09/Gray.jpg;2026-09-13;zdjęcie rodziny w kolorze: grey
2. Zdjęcie w innym kolorze;11094;PMP010601;Premier Plus Otwarta Szary - 29cm x 44cm;https://www.coba.com/pl/produkt/premier-plus;https://www.coba.com/pl/wp-content/uploads/sites/6/2022/10/af-premier-plus-entrance-matting-anthracite-1.jpg;2026-09-13;zdjęcie rodziny w kolorze: anthracite
2. Zdjęcie w innym kolorze;11095;PMP010601C;Premier Plus Pełna Szary - 29cm x 44cm;https://www.coba.com/pl/produkt/premier-plus;https://www.coba.com/pl/wp-content/uploads/sites/6/2022/10/af-premier-plus-entrance-matting-anthracite-1.jpg;2026-09-13;zdjęcie rodziny w kolorze: anthracite
2. Zdjęcie w innym kolorze;11100;PT010501;Premier Track Otwarta Brązowy - 29cm x 44cm;https://www.coba.com/pl/produkt/premier-track;https://www.coba.com/pl/wp-content/uploads/sites/6/2022/10/af-premier-track-entrance-matting-blue-1.jpg;2026-09-27;zdjęcie rodziny w kolorze: blue
2. Zdjęcie w innym kolorze;11103;PT010601C;Premier Track Pełna Szary - 29cm x 44cm;https://www.coba.com/pl/produkt/premier-track;https://www.coba.com/pl/wp-content/uploads/sites/6/2022/10/af-premier-track-entrance-matting-blue-1.jpg;2026-09-13;zdjęcie rodziny w kolorze: blue
2. Zdjęcie w innym kolorze;11107;PSC010101;Premier Surface Antracyt 30cm x 30cm;https://www.coba.com/pl/produkt/premier-surface;https://www.coba.com/pl/wp-content/uploads/sites/6/2022/10/af-premier-surface-entrance-matting-style-alba-blue-7.jpg;2026-09-13;zdjęcie rodziny w kolorze: blue
2. Zdjęcie w innym kolorze;11108;PSC010601;Premier Surface Szary 30cm x 30cm;https://www.coba.com/pl/produkt/premier-surface;https://www.coba.com/pl/wp-content/uploads/sites/6/2022/10/af-premier-surface-entrance-matting-style-alba-blue-7.jpg;2026-09-13;zdjęcie rodziny w kolorze: blue
2. Zdjęcie w innym kolorze;11110;PSC010501;Premier Surface Brązowy 30cm x 30cm;https://www.coba.com/pl/produkt/premier-surface;https://www.coba.com/pl/wp-content/uploads/sites/6/2022/10/af-premier-surface-entrance-matting-style-alba-blue-7.jpg;2026-09-13;zdjęcie rodziny w kolorze: blue
2. Zdjęcie w innym kolorze;11112;AB010008C;Alba Antracyt 2m x mb. / krawędź dodatkowo płatna P317-DRUM;https://www.coba.com/pl/produkt/alba;https://www.coba.com/pl/wp-content/uploads/sites/6/2020/02/af-alba-entrance-matting-blue-1.jpg;2026-09-13;zdjęcie rodziny w kolorze: blue
2. Zdjęcie w innym kolorze;11113;AB060008C;Alba Szary 2m x mb. / krawędź dodatkowo płatna P317-DRUM;https://www.coba.com/pl/produkt/alba;https://www.coba.com/pl/wp-content/uploads/sites/6/2020/02/af-alba-entrance-matting-blue-1.jpg;2026-09-13;zdjęcie rodziny w kolorze: blue
2. Zdjęcie w innym kolorze;11114;AB050008C;Alba Brązowy 2m x mb. / krawędź dodatkowo płatna P317-DRUM;https://www.coba.com/pl/produkt/alba;https://www.coba.com/pl/wp-content/uploads/sites/6/2020/02/af-alba-entrance-matting-blue-1.jpg;2026-09-13;zdjęcie rodziny w kolorze: blue
2. Zdjęcie w innym kolorze;11122;NP010003;Needlepunch Antracyt 1m x 21m / krawędź dodatkowo płatna P249-C63-C09;https://www.coba.com/pl/produkt/needlepunch;https://www.coba.com/pl/wp-content/uploads/sites/6/2022/10/af-needlepunch-entrance-matting-grey-1.jpg;2026-09-13;zdjęcie rodziny w kolorze: grey
2. Zdjęcie w innym kolorze;11124;NP010001;Needlepunch Antracyt 2m x 21m / krawędź dodatkowo płatna P249-C63-C09;https://www.coba.com/pl/produkt/needlepunch;https://www.coba.com/pl/wp-content/uploads/sites/6/2022/10/af-needlepunch-entrance-matting-grey-1.jpg;2026-09-13;zdjęcie rodziny w kolorze: grey
2. Zdjęcie w innym kolorze;11137;P249-C63-C;Loopermat Backed Medium Czarna Krawędź x mb. (8mm);https://www.coba.com/product/loopermat;https://images.kkeu.de/is/image/BEG/Workshop_Flooring/Flooring_Mats/Entrance_Mats/COBA_Europe_Loopermat_pdplarge-mrd--bd-LU02_09-loopermat-grey_general_web.jpg;2026-09-13;zdjęcie rodziny w kolorze: grey
2. Zdjęcie w innym kolorze;11170;TR060001;Toughrib Szary 0.6m x 0.9m;https://www.coba.com/product/toughrib;https://www.coba.com/wp-content/uploads/2017/02/TR01_02-Toughrib-Brown_general.jpg;2026-09-13;zdjęcie rodziny w kolorze: brown
2. Zdjęcie w innym kolorze;11172;TR060002;Toughrib Szary 0.9m x 1.5m;https://www.coba.com/product/toughrib;https://www.coba.com/wp-content/uploads/2017/02/TR01_02-Toughrib-Brown_general.jpg;2026-09-13;zdjęcie rodziny w kolorze: brown
2. Zdjęcie w innym kolorze;11173;TR010001;Toughrib Antracyt 0.6m x 0.9m;https://www.coba.com/pl/produkt/toughrib;https://www.coba.com/pl/wp-content/uploads/sites/6/2022/10/TR01_02-Toughrib-Brown_general.jpg;2026-09-13;zdjęcie rodziny w kolorze: brown
2. Zdjęcie w innym kolorze;11189;LM010201;COBAwash Czarny/Niebieski 0.6m x 0.85m;https://www.coba.com/product/cobawash;https://www.coba.com/wp-content/uploads/2017/02/06_COBAwash_Brown.jpg;2026-09-13;zdjęcie rodziny w kolorze: brown
2. Zdjęcie w innym kolorze;11190;LM0102;COBAwash Czarny/Niebieski 0.85m x 1.2m;https://www.coba.com/product/cobawash;https://www.coba.com/wp-content/uploads/2017/02/06_COBAwash_Brown.jpg;2026-09-13;zdjęcie rodziny w kolorze: brown
2. Zdjęcie w innym kolorze;11191;LM010202;COBAwash Czarny/Niebieski 0.85m x 1.5m;https://www.coba.com/pl/produkt/cobawash;https://www.coba.com/pl/wp-content/uploads/sites/6/2022/10/06_COBAwash_Brown.jpg;2026-09-13;zdjęcie rodziny w kolorze: brown
2. Zdjęcie w innym kolorze;11192;LM010203;COBAwash Czarny/Niebieski 1.15m x 1.75m;https://www.coba.com/product/cobawash;https://www.coba.com/wp-content/uploads/2017/02/06_COBAwash_Brown.jpg;2026-09-13;zdjęcie rodziny w kolorze: brown
2. Zdjęcie w innym kolorze;11193;LM010301;COBAwash Czarny/Czerwony 0.6m x 0.85m;https://www.coba.com/product/cobawash;https://www.coba.com/wp-content/uploads/2017/02/06_COBAwash_Brown.jpg;2026-09-13;zdjęcie rodziny w kolorze: brown
2. Zdjęcie w innym kolorze;11194;LM0103;COBAwash Czarny/Czerwony 0.85m x 1.2m;https://www.coba.com/product/cobawash;https://www.coba.com/wp-content/uploads/2017/02/06_COBAwash_Brown.jpg;2026-09-13;zdjęcie rodziny w kolorze: brown
2. Zdjęcie w innym kolorze;11195;LM010302;COBAwash Czarny/Czerwony 0.85m x 1.5m;https://www.coba.com/product/cobawash;https://www.coba.com/wp-content/uploads/2017/02/06_COBAwash_Brown.jpg;2026-09-13;zdjęcie rodziny w kolorze: brown
2. Zdjęcie w innym kolorze;11196;LM010303;COBAwash Czarny/Czerwony 1.15m x 1.75m;https://www.coba.com/product/cobawash;https://www.coba.com/wp-content/uploads/2017/02/06_COBAwash_Brown.jpg;2026-09-13;zdjęcie rodziny w kolorze: brown
2. Zdjęcie w innym kolorze;11199;LM010602;COBAwash Czarny/Szary 0.85m x 1.5m;https://www.coba.com/product/cobawash;https://www.coba.com/wp-content/uploads/2017/02/06_COBAwash_Brown.jpg;2026-09-27;zdjęcie rodziny w kolorze: brown
2. Zdjęcie w innym kolorze;11216;WH060001;Superdry Szary 0.6m x 0.9m;https://www.coba.com/product/superdry;https://www.coba.com/wp-content/uploads/2026/08/Superdry-Corner-Black-WH02.png;2026-09-13;zdjęcie rodziny w kolorze: black
2. Zdjęcie w innym kolorze;11217;WH060003;Superdry Szary 0.9m x 1.5m;https://www.coba.com/product/superdry;https://www.coba.com/wp-content/uploads/2026/08/Superdry-Corner-Black-WH02.png;2026-09-13;zdjęcie rodziny w kolorze: black
2. Zdjęcie w innym kolorze;11222;WHC060004C;Superdry Contract Ciemnoszary 1.8m x 12m / krawędź dodatkowo płatna;https://www.coba.com/product/superdry-contract;https://www.coba.com/wp-content/uploads/2026/04/Superdry-Contract_Black.webp;2026-09-13;zdjęcie rodziny w kolorze: black
2. Zdjęcie w innym kolorze;10804;HR0600;HR Matting Szary 0.6m x 10m (2.4mm);https://www.conrad.com/en/p/coba-europe-hr020001keu-esd-matte-hr-matting-workplace-floor-matting-l-x-w-x-h-1-2-m-x-0-6-m-x-2-4-mm-blue-478970.html?srsltid=AfmBOorrogvH4poL_RK6TLy4dHNkjKwZz_Jb0D3VptYKL_mkOHRL3RQa;https://asset.conrad.com/media10/isa/160267/c1/-/en/478970_AB_00_FB/image.jpg?x=400&y=400&format=jpg&ex=400&ey=400&align=center;2026-09-13;zdjęcie rodziny w kolorze: niebieskim (HR020001)
3. Opis bez zapisanego źródła;10491;FF010003C;Orthomat Premium Czarny 0.9m x mb. (12.5mm);;https://b2b.p4s.pl/productDocuments/33439/1_FF010003C.jpg;;opis bez zapisanego źródła — nie da się sprawdzić, skąd pochodzi
3. Opis bez zapisanego źródła;10580;SS070002M;Krawędź/narożnik 'męski' Żółty 85mm x 1m;;https://b2b.p4s.pl/productDocuments/40255/1_SS070002M.jpg;;opis bez zapisanego źródła — nie da się sprawdzić, skąd pochodzi
3. Opis bez zapisanego źródła;10581;SS070002F;Krawędź/narożnik 'żeński' Żółty 85mm x 1m;;https://b2b.p4s.pl/productDocuments/40254/1_SS070002F.jpg;;opis bez zapisanego źródła — nie da się sprawdzić, skąd pochodzi
3. Opis bez zapisanego źródła;10591;FLE070002M;Fatigue-Lock Krawędź 'męska' Żółty 15cm x 0.5m;;;;opis bez zapisanego źródła — nie da się sprawdzić, skąd pochodzi
3. Opis bez zapisanego źródła;10593;FLC070003;Fatigue-Lock Narożnik Żółty 15cm x 15cm;;;;opis bez zapisanego źródła — nie da się sprawdzić, skąd pochodzi
3. Opis bez zapisanego źródła;10630;BF010702;Bubblemat Czarny/Żółte krawędzie 0.9m x 1.2m (14mm);;https://b2b.p4s.pl/productDocuments/127859/1_BF07_Bubblemat-Safety-14_isolated.jpg;;opis bez zapisanego źródła — nie da się sprawdzić, skąd pochodzi
3. Opis bez zapisanego źródła;10633;BF0107;Bubblemat Czarny/Żółte krawędzie 0.9m x 1.2m (14mm);;https://media.visable.com/https://supplier-offers-media-production.s3.eu-central-1.amazonaws.com/a4d206d8-bb85-494c-92a2-e9e9e9576a48.png?w=800&h=800&auto=format,compress&fit=fillmax&transparency=grid&grid-colors=ffffff,ffffff;2026-09-13;opis bez zapisanego źródła — nie da się sprawdzić, skąd pochodzi
3. Opis bez zapisanego źródła;10708;WD170002;Work Deck Krawędź Pomarańczowy 0.6m x 0.12m;;;;opis bez zapisanego źródła — nie da się sprawdzić, skąd pochodzi
3. Opis bez zapisanego źródła;10940;GF010002;Gripfoot Standard Taśma 50mm x 18.3m - Czarna;;https://b2b.p4s.pl/productDocuments/30336/1_GF010002.jpg;;opis bez zapisanego źródła — nie da się sprawdzić, skąd pochodzi
3. Opis bez zapisanego źródła;10945;GF120002;Gripfoot Standard Taśma 50mm x 18.3m - Clear (przezroczysty);;https://b2b.p4s.pl/productDocuments/33931/1_GF120002.jpg;;opis bez zapisanego źródła — nie da się sprawdzić, skąd pochodzi
3. Opis bez zapisanego źródła;10947;GF010702;Gripfoot Standard Taśma 50mm x 18.3m - Żółto/Czarna;;https://b2b.p4s.pl/productDocuments/52803/1_Ta%C5%9Bma.JPG;;opis bez zapisanego źródła — nie da się sprawdzić, skąd pochodzi
3. Opis bez zapisanego źródła;10958;GF010003C;Gripfoot Special Taśma 102mm x 18.3m - Czarny;;https://b2b.p4s.pl/productDocuments/77912/1_ta%C5%9Bma.JPG;;opis bez zapisanego źródła — nie da się sprawdzić, skąd pochodzi
3. Opis bez zapisanego źródła;11009;GRP070004N;COBAGRiP Osłona krawędzi Żółta 1m x 55mm x 55mm;;;;opis bez zapisanego źródła — nie da się sprawdzić, skąd pochodzi
3. Opis bez zapisanego źródła;11023;GRP010704S;COBAGRiP Nakładka na schody Czarno/Żółta 1m x 345mm x 55mm;;https://b2b.p4s.pl/productDocuments/83483/1_af-cobagrip-stair-tread-floor-level-accessories-style-black-yellow-1-750x750.jpg;;opis bez zapisanego źródła — nie da się sprawdzić, skąd pochodzi
4. Do wglądu;10745;SN0100-7;Senso Runner Czarny 1m x 10m (3mm);https://www.directindustry.com/prod/coba-europe-ltd/product-31899-2765767.html;https://img.directindustry.com/images_di/bnr/53882/hd/59285.jpg;2026-09-13;źródło ze sklepu/katalogu dystrybutora z właściwym wyrobem — do wglądu
4. Do wglądu;10746;SN0100-8;Senso Runner Czarny 1.4m x 10m (3mm);https://www.directindustry.com/prod/coba-europe-ltd/product-31899-2765767.html;https://img.directindustry.com/images_di/bnr/53882/hd/59285.jpg;2026-09-13;źródło ze sklepu/katalogu dystrybutora z właściwym wyrobem — do wglądu
4. Do wglądu;10747;SN0100-9;Senso Runner ESD Czarny 1.2m x 10m (3mm);https://www.directindustry.com/prod/coba-europe-ltd/product-31899-2765767.html;https://img.directindustry.com/images_di/bnr/9326/hd/60541.jpg;2026-09-13;źródło ze sklepu/katalogu dystrybutora z właściwym wyrobem — do wglądu
4. Do wglądu;10748;SN0100-6;Senso Runner ESD Czarny 1.4m x 10m (3mm);https://www.directindustry.com/prod/coba-europe-ltd/product-31899-2765767.html;https://img.directindustry.com/images_di/photo-mg/31899-20524134.jpg;2026-09-13;źródło ze sklepu/katalogu dystrybutora z właściwym wyrobem — do wglądu
4. Do wglądu;11082;CGC000-4;COBAguard Ochrona dywanów 1.2m x 50m;https://int.rsdelivers.com/product/coba-europe/cgc0004/coba-europe-carpet-floor-protection-x-12-m-50-m-mm/6899641;https://res.cloudinary.com/rsc/image/upload/b_rgb:FFFFFF,c_pad,dpr_1.0,f_auto,q_auto,w_700/c_pad,w_700/Y0000000-01;2026-09-13;źródło ze sklepu/katalogu dystrybutora z właściwym wyrobem — do wglądu
4. Do wglądu;11264;WC0000-11;Clean-Step;https://in.rsdelivers.com/product/coba-europe/wc000011/coba-europe-clean-step-entrance-mat-smooth-indoor/3253522;https://res.cloudinary.com/rsc/image/upload/b_rgb:FFFFFF,c_pad,dpr_1.0,f_auto,q_auto,w_700/c_pad,w_700/R3253522-01;2026-09-13;źródło ze sklepu/katalogu dystrybutora z właściwym wyrobem — do wglądu
4. Do wglądu;11139;VP01;Vyna-Plush Czarny/Stalowy 0.9m x 1.2m;https://www.rh-products.co.uk/site-safety-security/workplace-matting/entrance-matting-anti-slip-stain-resistant-indoor-mat.html?srsltid=AfmBOoriVzMD85y7biLT1FvzAn9D1WnvKyaV4Y_A87X4LvqaAetlSk-7;https://www.rh-products.co.uk/media/img/shop/pd/001822.jpg;2026-09-13;źródło ze sklepu/katalogu dystrybutora z właściwym wyrobem — do wglądu
